source	destination	distance_km	distance_mi
24	24	0	0
24	30	1116	698
24	23	1138	711
24	37	1542	964
24	38	1791	1119
24	33	3761	2351
24	12	2703	1689
24	39	3038	1899
24	22	2793	1746
24	2	3331	2082
24	13	3871	2419
24	40	3752	2345
24	16	3712	2320
24	18	3508	2193
24	15	4391	2744
24	0	11071	6919
24	19	7260	4538
24	11	7715	4822
24	7	7839	4899
24	4	8056	5035
24	17	8727	5454
24	26	7800	4875
24	5	8020	5013
24	29	8195	5122
24	35	8447	5279
24	27	8655	5409
24	10	7610	4756
24	25	7758	4849
24	3	8404	5253
24	20	8655	5409
24	32	8397	5248
24	9	8387	5242
24	6	7707	4817
24	36	12932	8083
24	31	12977	8111
24	21	11821	7388
24	1	12439	7774
24	8	11227	7017
24	34	8822	5514
30	24	1116	698
30	30	0	0
30	23	22	14
30	37	514	321
30	38	1006	629
30	33	2988	1868
30	12	2346	1466
30	39	2600	1625
30	22	2958	1849
30	2	3620	2263
30	13	4102	2564
30	40	3916	2448
30	16	3858	2411
30	18	3401	2126
30	15	4125	2578
30	0	10592	6620
30	19	8120	5075
30	11	8618	5386
30	7	8773	5483
30	4	8954	5596
30	17	9568	5980
30	26	8791	5494
30	5	8981	5613
30	29	9137	5711
30	35	9371	5857
30	27	9572	5983
30	10	8636	5398
30	25	8805	5503
30	3	9376	5860
30	20	9628	6018
30	32	9408	5880
30	9	9462	5914
30	6	8316	5198
30	36	13640	8525
30	31	13630	8519
30	21	11420	7138
30	1	11970	7481
30	8	10510	6569
30	34	9867	6167
23	24	1138	711
23	30	22	14
23	23	0	0
23	37	497	311
23	38	995	622
23	33	2978	1861
23	12	2340	1463
23	39	2592	1620
23	22	2963	1852
23	2	3626	2266
23	13	4107	2567
23	40	3920	2450
23	16	3862	2414
23	18	3400	2125
23	15	4120	2575
23	0	10600	6625
23	19	8136	5085
23	11	8634	5396
23	7	8791	5494
23	4	8970	5606
23	17	9583	5989
23	26	8809	5506
23	5	8998	5624
23	29	9154	5721
23	35	9388	5868
23	27	9589	5993
23	10	8655	5409
23	25	8825	5516
23	3	9394	5871
23	20	9646	6029
23	32	9427	5892
23	9	9482	5926
23	6	8331	5207
23	36	13650	8531
23	31	13640	8525
23	21	11410	7131
23	1	11960	7475
23	8	10500	6563
23	34	9887	6179
37	24	1542	964
37	30	514	321
37	23	497	311
37	37	0	0
37	38	574	359
37	33	2491	1557
37	12	1994	1246
37	39	2205	1378
37	22	2804	1753
37	2	3494	2184
37	13	3936	2460
37	40	3725	2328
37	16	3661	2288
37	18	3110	1944
37	15	3754	2346
37	0	10140	6338
37	19	8231	5144
37	11	8756	5473
37	7	8935	5584
37	4	9085	5678
37	17	9654	6034
37	26	9002	5626
37	5	9163	5727
37	29	9302	5814
37	35	9522	5951
37	27	9715	6072
37	10	8883	5552
37	25	9076	5673
37	3	9566	5979
37	20	9819	6137
37	32	9637	6023
37	9	9769	6106
37	6	8816	5510
37	36	14140	8838
37	31	14120	8825
37	21	11570	7231
37	1	12070	7544
37	8	10490	6556
37	34	10130	6331
38	24	1791	1119
38	30	1006	629
38	23	995	622
38	37	574	359
38	38	0	0
38	33	2019	1262
38	12	1426	891
38	39	1631	1019
38	22	2336	1460
38	2	3037	1898
38	13	3444	2153
38	40	3219	2012
38	16	3152	1970
38	18	2557	1598
38	15	3180	1988
38	0	9608	6005
38	19	7933	4958
38	11	8482	5301
38	7	8684	5428
38	4	8802	5501
38	17	9322	5826
38	26	8803	5502
38	5	8932	5583
38	29	9053	5658
38	35	9254	5784
38	27	9439	5899
38	10	8730	5456
38	25	8950	5594
38	3	9341	5838
38	20	9592	5995
38	32	9455	5909
38	9	9687	6054
38	6	9308	5818
38	36	14620	9138
38	31	14630	9144
38	21	12070	7544
38	1	12550	7844
38	8	10880	6800
38	34	9989	6243
33	24	3761	2351
33	30	2988	1868
33	23	2978	1861
33	37	2491	1557
33	38	2019	1262
33	33	0	0
33	12	1506	941
33	39	1210	756
33	22	2722	1701
33	2	3261	2038
33	13	3360	2100
33	40	3087	1929
33	16	3013	1883
33	18	2159	1349
33	15	2062	1289
33	0	7679	4799
33	19	8321	5201
33	11	8929	5581
33	7	9207	5754
33	4	9196	5748
33	17	9489	5931
33	26	9509	5943
33	5	9515	5947
33	29	9560	5975
33	35	9682	6051
33	27	9821	6138
33	10	9588	5993
33	25	9886	6179
33	3	9922	6201
33	20	10150	6344
33	32	10180	6363
33	9	10720	6700
33	6	11310	7069
33	36	16630	10394
33	31	16610	10381
33	21	12700	7938
33	1	12970	8106
33	8	10960	6850
33	34	10820	6763
12	24	2703	1689
12	30	2346	1466
12	23	2340	1463
12	37	1994	1246
12	38	1426	891
12	33	1506	941
12	12	0	0
12	39	362	226
12	22	1291	807
12	2	1933	1208
12	13	2202	1376
12	40	1945	1216
12	16	1871	1169
12	18	1155	722
12	15	1781	1113
12	0	8404	5253
12	19	7074	4421
12	11	7638	4774
12	7	7889	4931
12	4	7930	4956
12	17	8331	5207
12	26	8130	5081
12	5	8178	5111
12	29	8252	5158
12	35	8408	5255
12	27	8568	5355
12	10	8163	5102
12	25	8444	5278
12	3	8590	5369
12	20	8830	5519
12	32	8801	5501
12	9	9261	5788
12	6	10400	6500
12	36	15570	9731
12	31	15650	9781
12	21	13400	8375
12	1	13820	8638
12	8	11990	7494
12	34	9411	5882
39	24	3038	1899
39	30	2600	1625
39	23	2592	1620
39	37	2205	1378
39	38	1631	1019
39	33	1210	756
39	12	362	226
39	39	0	0
39	22	1516	948
39	2	2095	1309
39	13	2282	1426
39	40	2014	1259
39	16	1938	1211
39	18	1129	706
39	15	1554	971
39	0	8085	5053
39	19	7205	4503
39	11	7804	4878
39	7	8067	5042
39	4	8087	5054
39	17	8446	5279
39	26	8338	5211
39	5	8365	5228
39	29	8427	5267
39	35	8569	5356
39	27	8720	5450
39	10	8395	5247
39	25	8687	5429
39	3	8776	5485
39	20	9012	5633
39	32	9009	5631
39	9	9515	5947
39	6	10736	6710
39	36	15930	9956
39	31	16004	10003
39	21	13435	8397
39	1	13817	8636
39	8	11921	7451
39	34	9634	6021
22	24	2793	1746
22	30	2958	1849
22	23	2963	1852
22	37	2804	1753
22	38	2336	1460
22	33	2722	1701
22	12	1291	807
22	39	1516	948
22	22	0	0
22	2	701	438
22	13	1144	715
22	40	973	608
22	16	925	578
22	18	948	593
22	15	1913	1196
22	0	8529	5331
22	19	5767	3604
22	11	6353	3971
22	7	6600	4125
22	4	6651	4157
22	17	7081	4426
22	26	6840	4275
22	5	6887	4304
22	29	6964	4353
22	35	7125	4453
22	27	7289	4556
22	10	6883	4302
22	25	7171	4482
22	3	7300	4563
22	20	7540	4713
22	32	7511	4694
22	9	7999	4999
22	6	10138	6336
22	36	14922	9326
22	31	15078	9424
22	21	14364	8978
22	1	14875	9297
22	8	13189	8243
22	34	8126	5079
2	24	3331	2082
2	30	3620	2263
2	23	3626	2266
2	37	3494	2184
2	38	3037	1898
2	33	3261	2038
2	12	1933	1208
2	39	2095	1309
2	22	701	438
2	2	0	0
2	13	550	344
2	40	537	336
2	16	547	342
2	18	1183	739
2	15	1988	1243
2	0	8270	5169
2	19	5117	3198
2	11	5713	3571
2	7	5973	3733
2	4	6001	3751
2	17	6402	4001
2	26	6250	3906
2	5	6271	3919
2	29	6333	3958
2	35	6480	4050
2	27	6637	4148
2	10	6331	3957
2	25	6638	4149
2	3	6681	4176
2	20	6917	4323
2	32	6921	4326
2	9	7484	4678
2	6	10349	6468
2	36	14811	9257
2	31	15007	9379
2	21	15038	9399
2	1	15567	9729
2	8	13886	8679
2	34	7556	4723
13	24	3871	2419
13	30	4102	2564
13	23	4107	2567
13	37	3936	2460
13	38	3444	2153
13	33	3360	2100
13	12	2202	1376
13	39	2282	1426
13	22	1144	715
13	2	550	344
13	13	0	0
13	40	273	171
13	16	348	218
13	18	1200	750
13	15	1756	1098
13	0	7757	4848
13	19	4962	3101
13	11	5570	3481
13	7	5853	3658
13	4	5837	3648
13	17	6166	3854
13	26	6188	3868
13	5	6166	3854
13	29	6202	3876
13	35	6323	3952
13	27	6464	4040
13	10	6322	3951
13	25	6650	4156
13	3	6571	4107
13	20	6796	4248
13	32	6854	4284
13	9	7510	4694
13	6	10849	6781
13	36	15119	9449
13	31	15339	9587
13	21	15501	9688
13	1	15988	9993
13	8	14193	8871
13	34	7511	4694
40	24	3752	2345
40	30	3916	2448
40	23	3920	2450
40	37	3725	2328
40	38	3219	2012
40	33	3087	1929
40	12	1945	1216
40	39	2014	1259
40	22	973	608
40	2	537	336
40	13	273	171
40	40	0	0
40	16	76	48
40	18	928	580
40	15	1539	962
40	0	7738	4836
40	19	5234	3271
40	11	5842	3651
40	7	6124	3828
40	4	6110	3819
40	17	6436	4023
40	26	6455	4034
40	5	6436	4023
40	29	6474	4046
40	35	6595	4122
40	27	6737	4211
40	10	6582	4114
40	25	6907	4317
40	3	6841	4276
40	20	7068	4418
40	32	7121	4451
40	9	7765	4853
40	6	10884	6803
40	36	15294	9559
40	31	15503	9689
40	21	15285	9553
40	1	15752	9845
40	8	13930	8706
40	34	7776	4860
16	24	3712	2320
16	30	3858	2411
16	23	3862	2414
16	37	3661	2288
16	38	3152	1970
16	33	3013	1883
16	12	1871	1169
16	39	1938	1211
16	22	925	578
16	2	547	342
16	13	348	218
16	40	76	48
16	16	0	0
16	18	854	534
16	15	1489	931
16	0	7745	4841
16	19	5308	3318
16	11	5916	3698
16	7	6197	3873
16	4	6184	3865
16	17	6512	4070
16	26	6526	4079
16	5	6509	4068
16	29	6548	4093
16	35	6670	4169
16	27	6812	4258
16	10	6650	4156
16	25	6974	4359
16	3	6914	4321
16	20	7141	4463
16	32	7193	4496
16	9	7831	4894
16	6	10882	6801
16	36	15332	9583
16	31	15537	9711
16	21	15219	9512
16	1	15681	9801
16	8	13854	8659
16	34	7847	4904
18	24	3508	2193
18	30	3401	2126
18	23	3400	2125
18	37	3110	1944
18	38	2557	1598
18	33	2159	1349
18	12	1155	722
18	39	1129	706
18	22	948	593
18	2	1183	739
18	13	1200	750
18	40	928	580
18	16	854	534
18	18	0	0
18	15	972	608
18	0	7659	4787
18	19	6162	3851
18	11	6770	4231
18	7	7050	4406
18	4	7037	4398
18	17	7353	4596
18	26	7372	4608
18	5	7361	4601
18	29	7402	4626
18	35	7523	4702
18	27	7664	4790
18	10	7483	4677
18	25	7799	4874
18	3	7767	4854
18	20	7995	4997
18	32	8040	5025
18	9	8651	5407
18	6	11038	6899
18	36	15864	9915
18	31	16025	10016
18	21	14546	9091
18	1	14944	9340
18	8	13041	8151
18	34	8690	5431
15	24	4391	2744
15	30	4125	2578
15	23	4120	2575
15	37	3754	2346
15	38	3180	1988
15	33	2062	1289
15	12	1781	1113
15	39	1554	971
15	22	1913	1196
15	2	1988	1243
15	13	1756	1098
15	40	1539	962
15	16	1489	931
15	18	972	608
15	15	0	0
15	0	6724	4203
15	19	6513	4071
15	11	7127	4454
15	7	7435	4647
15	4	7357	4598
15	17	7545	4716
15	26	7835	4897
15	5	7764	4853
15	29	7765	4853
15	35	7842	4901
15	27	7955	4972
15	10	8015	5009
15	25	8356	5223
15	3	8154	5096
15	20	8362	5226
15	32	8487	5304
15	9	9222	5764
15	6	11996	7498
15	36	16792	10495
15	31	16972	10608
15	21	14760	9225
15	1	15024	9390
15	8	12966	8104
15	34	9162	5726
0	24	11071	6919
0	30	10592	6620
0	23	10600	6625
0	37	10140	6338
0	38	9608	6005
0	33	7679	4799
0	12	8404	5253
0	39	8085	5053
0	22	8529	5331
0	2	8270	5169
0	13	7757	4848
0	40	7738	4836
0	16	7745	4841
0	18	7659	4787
0	15	6724	4203
0	0	0	0
0	19	8989	5618
0	11	9278	5799
0	7	9563	5977
0	4	9169	5731
0	17	8541	5338
0	26	10196	6373
0	5	9812	6133
0	29	9587	5992
0	35	9371	5857
0	27	9262	5789
0	10	10702	6689
0	25	11027	6892
0	3	9893	6183
0	20	9876	6173
0	32	10405	6503
0	9	11546	7216
0	6	18566	11604
0	36	15645	9778
0	31	15724	9828
0	21	14149	8843
0	1	13521	8451
0	8	12284	7678
0	34	10875	6797
19	24	7260	4538
19	30	8120	5075
19	23	8136	5085
19	37	8231	5144
19	38	7933	4958
19	33	8321	5201
19	12	7074	4421
19	39	7205	4503
19	22	5767	3604
19	2	5117	3198
19	13	4962	3101
19	40	5234	3271
19	16	5308	3318
19	18	6162	3851
19	15	6513	4071
19	0	8989	5618
19	19	0	0
19	11	614	384
19	7	931	582
19	4	884	553
19	17	1470	919
19	26	1458	911
19	5	1271	794
19	29	1252	783
19	35	1364	853
19	27	1522	951
19	10	1852	1158
19	25	2227	1392
19	3	1643	1027
19	20	1849	1156
19	32	2030	1269
19	9	3015	1884
19	6	9779	6112
19	36	11114	6946
19	31	11421	7138
19	21	16884	10553
19	1	17435	10897
19	8	18269	11418
19	34	2719	1699
11	24	7715	4822
11	30	8618	5386
11	23	8634	5396
11	37	8756	5473
11	38	8482	5301
11	33	8929	5581
11	12	7638	4774
11	39	7804	4878
11	22	6353	3971
11	2	5713	3571
11	13	5570	3481
11	40	5842	3651
11	16	5916	3698
11	18	6770	4231
11	15	7127	4454
11	0	9278	5799
11	19	614	384
11	11	0	0
11	7	343	214
11	4	343	214
11	17	1138	711
11	26	958	599
11	5	682	426
11	29	637	398
11	35	775	484
11	27	959	599
11	10	1433	896
11	25	1784	1115
11	3	1033	646
11	20	1235	772
11	32	1449	906
11	9	2501	1563
11	6	9559	5974
11	36	10546	6591
11	31	10855	6784
11	21	16527	10329
11	1	16994	10621
11	8	18322	11451
11	34	2133	1333
7	24	7839	4899
7	30	8773	5483
7	23	8791	5494
7	37	8935	5584
7	38	8684	5428
7	33	9207	5754
7	12	7889	4931
7	39	8067	5042
7	22	6600	4125
7	2	5973	3733
7	13	5853	3658
7	40	6124	3828
7	16	6197	3873
7	18	7050	4406
7	15	7435	4647
7	0	9563	5977
7	19	931	582
7	11	343	214
7	7	0	0
7	4	417	261
7	17	1228	768
7	26	638	399
7	5	342	214
7	29	369	231
7	35	612	383
7	27	828	518
7	10	1139	712
7	25	1473	921
7	3	720	450
7	20	945	591
7	32	1108	693
7	9	2163	1352
7	6	9302	5814
7	36	10205	6378
7	31	10514	6571
7	21	16208	10130
7	1	16658	10411
7	8	18115	11322
7	34	1794	1121
4	24	8056	5035
4	30	8954	5596
4	23	8970	5606
4	37	9085	5678
4	38	8802	5501
4	33	9196	5748
4	12	7930	4956
4	39	8087	5054
4	22	6651	4157
4	2	6001	3751
4	13	5837	3648
4	40	6110	3819
4	16	6184	3865
4	18	7037	4398
4	15	7357	4598
4	0	9169	5731
4	19	884	553
4	11	343	214
4	7	417	261
4	4	0	0
4	17	831	519
4	26	1029	643
4	5	651	407
4	29	478	299
4	35	487	304
4	27	640	400
4	10	1543	964
4	25	1859	1162
4	3	882	551
4	20	1034	646
4	32	1367	854
4	9	2486	1554
4	6	9712	6070
4	36	10424	6515
4	31	10737	6711
4	21	16558	10349
4	1	16960	10600
4	8	18531	11582
4	34	2024	1265
17	24	8727	5454
17	30	9568	5980
17	23	9583	5989
17	37	9654	6034
17	38	9322	5826
17	33	9489	5931
17	12	8331	5207
17	39	8446	5279
17	22	7081	4426
17	2	6402	4001
17	13	6166	3854
17	40	6436	4023
17	16	6512	4070
17	18	7353	4596
17	15	7545	4716
17	0	8541	5338
17	19	1470	919
17	11	1138	711
17	7	1228	768
17	4	831	519
17	17	0	0
17	26	1761	1101
17	5	1348	843
17	29	1093	683
17	35	836	523
17	27	725	453
17	10	2277	1423
17	25	2541	1588
17	3	1353	846
17	20	1350	844
17	32	1864	1165
17	9	3010	1881
17	6	10414	6509
17	36	10567	6604
17	31	10883	6802
17	21	16948	10593
17	1	17180	10738
17	8	19188	11993
17	34	2394	1496
26	24	7800	4875
26	30	8791	5494
26	23	8809	5506
26	37	9002	5626
26	38	8803	5502
26	33	9509	5943
26	12	8130	5081
26	39	8338	5211
26	22	6840	4275
26	2	6250	3906
26	13	6188	3868
26	40	6455	4034
26	16	6526	4079
26	18	7372	4608
26	15	7835	4897
26	0	10196	6373
26	19	1458	911
26	11	958	599
26	7	638	399
26	4	1029	643
26	17	1761	1101
26	26	0	0
26	5	413	258
26	29	673	421
26	35	965	603
26	27	1162	726
26	10	519	324
26	25	835	522
26	3	635	397
26	20	872	545
26	32	672	420
26	9	1559	974
26	6	8687	5429
26	36	9663	6039
26	31	9968	6230
26	21	15573	9733
26	1	16039	10024
26	8	17513	10946
26	34	1328	830
5	24	8020	5013
5	30	8981	5613
5	23	8998	5624
5	37	9163	5727
5	38	8932	5583
5	33	9515	5947
5	12	8178	5111
5	39	8365	5228
5	22	6887	4304
5	2	6271	3919
5	13	6166	3854
5	40	6436	4023
5	16	6509	4068
5	18	7361	4601
5	15	7764	4853
5	0	9812	6133
5	19	1271	794
5	11	682	426
5	7	342	214
5	4	651	407
5	17	1348	843
5	26	413	258
5	5	0	0
5	29	262	164
5	35	561	351
5	27	769	481
5	10	929	581
5	25	1217	761
5	3	413	258
5	20	660	413
5	32	766	479
5	9	1845	1153
5	6	9089	5681
5	36	9863	6164
5	31	10173	6358
5	21	15911	9944
5	1	16337	10211
5	8	17916	11198
5	34	1452	908
29	24	8195	5122
29	30	9137	5711
29	23	9154	5721
29	37	9302	5814
29	38	9053	5658
29	33	9560	5975
29	12	8252	5158
29	39	8427	5267
29	22	6964	4353
29	2	6333	3958
29	13	6202	3876
29	40	6474	4046
29	16	6548	4093
29	18	7402	4626
29	15	7765	4853
29	0	9587	5992
29	19	1252	783
29	11	637	398
29	7	369	231
29	4	478	299
29	17	1093	683
29	26	673	421
29	5	262	164
29	29	0	0
29	35	304	190
29	27	518	324
29	10	1185	741
29	25	1455	909
29	3	409	256
29	20	598	374
29	32	890	556
29	9	2021	1263
29	6	9332	5833
29	36	9954	6221
29	31	10266	6416
29	21	16091	10057
29	1	16482	10301
29	8	18153	11346
29	34	1547	967
35	24	8447	5279
35	30	9371	5857
35	23	9388	5868
35	37	9522	5951
35	38	9254	5784
35	33	9682	6051
35	12	8408	5255
35	39	8569	5356
35	22	7125	4453
35	2	6480	4050
35	13	6323	3952
35	40	6595	4122
35	16	6670	4169
35	18	7523	4702
35	15	7842	4901
35	0	9371	5857
35	19	1364	853
35	11	775	484
35	7	612	383
35	4	487	304
35	17	836	523
35	26	965	603
35	5	561	351
35	29	304	190
35	35	0	0
35	27	219	137
35	10	1466	916
35	25	1709	1068
35	3	526	329
35	20	593	371
35	32	1043	652
35	9	2194	1371
35	6	9578	5986
35	36	9988	6243
35	31	10302	6439
35	21	16228	10143
35	1	16568	10355
35	8	18374	11484
35	34	1636	1023
27	24	8655	5409
27	30	9572	5983
27	23	9589	5993
27	37	9715	6072
27	38	9439	5899
27	33	9821	6138
27	12	8568	5355
27	39	8720	5450
27	22	7289	4556
27	2	6637	4148
27	13	6464	4040
27	40	6737	4211
27	16	6812	4258
27	18	7664	4790
27	15	7955	4972
27	0	9262	5789
27	19	1522	951
27	11	959	599
27	7	828	518
27	4	640	400
27	17	725	453
27	26	1162	726
27	5	769	481
27	29	518	324
27	35	219	137
27	27	0	0
27	10	1650	1031
27	25	1868	1168
27	3	646	404
27	20	626	391
27	32	1144	715
27	9	2286	1429
27	6	9715	6072
27	36	9953	6221
27	31	10269	6418
27	21	16259	10162
27	1	16557	10348
27	8	18464	11540
27	34	1676	1048
10	24	7610	4756
10	30	8636	5398
10	23	8655	5409
10	37	8883	5552
10	38	8730	5456
10	33	9588	5993
10	12	8163	5102
10	39	8395	5247
10	22	6883	4302
10	2	6331	3957
10	13	6322	3951
10	40	6582	4114
10	16	6650	4156
10	18	7483	4677
10	15	8015	5009
10	0	10702	6689
10	19	1852	1158
10	11	1433	896
10	7	1139	712
10	4	1543	964
10	17	2277	1423
10	26	519	324
10	5	929	581
10	29	1185	741
10	35	1466	916
10	27	1650	1031
10	10	0	0
10	25	378	236
10	3	1051	657
10	20	1239	774
10	32	807	504
10	9	1225	766
10	6	8170	5106
10	36	9344	5840
10	31	9644	6028
10	21	15097	9436
10	1	15595	9747
10	8	16995	10622
10	34	1262	789
25	24	7758	4849
25	30	8805	5503
25	23	8825	5516
25	37	9076	5673
25	38	8950	5594
25	33	9886	6179
25	12	8444	5278
25	39	8687	5429
25	22	7171	4482
25	2	6638	4149
25	13	6650	4156
25	40	6907	4317
25	16	6974	4359
25	18	7799	4874
25	15	8356	5223
25	0	11027	6892
25	19	2227	1392
25	11	1784	1115
25	7	1473	921
25	4	1859	1162
25	17	2541	1588
25	26	835	522
25	5	1217	761
25	29	1455	909
25	35	1709	1068
25	27	1868	1168
25	10	378	236
25	25	0	0
25	3	1230	769
25	20	1362	851
25	32	835	522
25	9	867	542
25	6	7877	4923
25	36	8971	5607
25	31	9270	5794
25	21	14742	9214
25	1	15227	9517
25	8	16700	10438
25	34	1064	665
3	24	8404	5253
3	30	9376	5860
3	23	9394	5871
3	37	9566	5979
3	38	9341	5838
3	33	9922	6201
3	12	8590	5369
3	39	8776	5485
3	22	7300	4563
3	2	6681	4176
3	13	6571	4107
3	40	6841	4276
3	16	6914	4321
3	18	7767	4854
3	15	8154	5096
3	0	9893	6183
3	19	1643	1027
3	11	1033	646
3	7	720	450
3	4	882	551
3	17	1353	846
3	26	635	397
3	5	413	258
3	29	409	256
3	35	526	329
3	27	646	404
3	10	1051	657
3	25	1230	769
3	3	0	0
3	20	253	158
3	32	517	323
3	9	1668	1043
3	6	9070	5669
3	36	9545	5966
3	31	9857	6161
3	21	15716	9823
3	1	16085	10053
3	8	17849	11156
3	34	1143	714
20	24	8655	5409
20	30	9628	6018
20	23	9646	6029
20	37	9819	6137
20	38	9592	5995
20	33	10150	6344
20	12	8830	5519
20	39	9012	5633
20	22	7540	4713
20	2	6917	4323
20	13	6796	4248
20	40	7068	4418
20	16	7141	4463
20	18	7995	4997
20	15	8362	5226
20	0	9876	6173
20	19	1849	1156
20	11	1235	772
20	7	945	591
20	4	1034	646
20	17	1350	844
20	26	872	545
20	5	660	413
20	29	598	374
20	35	593	371
20	27	626	391
20	10	1239	774
20	25	1362	851
20	3	253	158
20	20	0	0
20	32	556	348
20	9	1670	1044
20	6	9128	5705
20	36	9400	5875
20	31	9714	6071
20	21	15646	9779
20	1	15975	9984
20	8	17839	11149
20	34	1053	658
32	24	8397	5248
32	30	9408	5880
32	23	9427	5892
32	37	9637	6023
32	38	9455	5909
32	33	10180	6363
32	12	8801	5501
32	39	9009	5631
32	22	7511	4694
32	2	6921	4326
32	13	6854	4284
32	40	7121	4451
32	16	7193	4496
32	18	8040	5025
32	15	8487	5304
32	0	10405	6503
32	19	2030	1269
32	11	1449	906
32	7	1108	693
32	4	1367	854
32	17	1864	1165
32	26	672	420
32	5	766	479
32	29	890	556
32	35	1043	652
32	27	1144	715
32	10	807	504
32	25	835	522
32	3	517	323
32	20	556	348
32	32	0	0
32	9	1151	719
32	6	8579	5362
32	36	9097	5686
32	31	9407	5879
32	21	15206	9504
32	1	15594	9746
32	8	17334	10834
32	34	689	431
9	24	8387	5242
9	30	9462	5914
9	23	9482	5926
9	37	9769	6106
9	38	9687	6054
9	33	10720	6700
9	12	9261	5788
9	39	9515	5947
9	22	7999	4999
9	2	7484	4678
9	13	7510	4694
9	40	7765	4853
9	16	7831	4894
9	18	8651	5407
9	15	9222	5764
9	0	11546	7216
9	19	3015	1884
9	11	2501	1563
9	7	2163	1352
9	4	2486	1554
9	17	3010	1881
9	26	1559	974
9	5	1845	1153
9	29	2021	1263
9	35	2194	1371
9	27	2286	1429
9	10	1225	766
9	25	867	542
9	3	1668	1043
9	20	1670	1044
9	32	1151	719
9	9	0	0
9	6	7478	4674
9	36	8127	5079
9	31	8428	5268
9	21	14072	8795
9	1	14496	9060
9	8	16184	10115
9	34	756	473
6	24	7707	4817
6	30	8316	5198
6	23	8331	5207
6	37	8816	5510
6	38	9308	5818
6	33	11310	7069
6	12	10400	6500
6	39	10736	6710
6	22	10138	6336
6	2	10349	6468
6	13	10849	6781
6	40	10884	6803
6	16	10882	6801
6	18	11038	6899
6	15	11996	7498
6	0	18566	11604
6	19	9779	6112
6	11	9559	5974
6	7	9302	5814
6	4	9712	6070
6	17	10414	6509
6	26	8687	5429
6	5	9089	5681
6	29	9332	5833
6	35	9578	5986
6	27	9715	6072
6	10	8170	5106
6	25	7877	4923
6	3	9070	5669
6	20	9128	5705
6	32	8579	5362
6	9	7478	4674
6	6	0	0
6	36	5322	3326
6	31	5318	3324
6	21	7161	4476
6	1	7826	4891
6	8	8826	5516
6	34	8199	5124
36	24	12932	8083
36	30	13640	8525
36	23	13650	8531
36	37	14140	8838
36	38	14620	9138
36	33	16630	10394
36	12	15570	9731
36	39	15930	9956
36	22	14922	9326
36	2	14811	9257
36	13	15119	9449
36	40	15294	9559
36	16	15332	9583
36	18	15864	9915
36	15	16792	10495
36	0	15645	9778
36	19	11114	6946
36	11	10546	6591
36	7	10205	6378
36	4	10424	6515
36	17	10567	6604
36	26	9663	6039
36	5	9863	6164
36	29	9954	6221
36	35	9988	6243
36	27	9953	6221
36	10	9344	5840
36	25	8971	5607
36	3	9545	5966
36	20	9400	5875
36	32	9097	5686
36	9	8127	5079
36	6	5322	3326
36	36	0	0
36	31	316	198
36	21	6462	4039
36	1	6615	4134
36	8	8718	5449
36	34	8414	5259
31	24	12977	8111
31	30	13630	8519
31	23	13640	8525
31	37	14120	8825
31	38	14630	9144
31	33	16610	10381
31	12	15650	9781
31	39	16004	10003
31	22	15078	9424
31	2	15007	9379
31	13	15339	9587
31	40	15503	9689
31	16	15537	9711
31	18	16025	10016
31	15	16972	10608
31	0	15724	9828
31	19	11421	7138
31	11	10855	6784
31	7	10514	6571
31	4	10737	6711
31	17	10883	6802
31	26	9968	6230
31	5	10173	6358
31	29	10266	6416
31	35	10302	6439
31	27	10269	6418
31	10	9644	6028
31	25	9270	5794
31	3	9857	6161
31	20	9714	6071
31	32	9407	5879
31	9	8428	5268
31	6	5318	3324
31	36	316	198
31	31	0	0
31	21	6147	3842
31	1	6299	3937
31	8	8401	5251
31	34	8725	5453
21	24	11821	7388
21	30	11420	7138
21	23	11410	7131
21	37	11570	7231
21	38	12070	7544
21	33	12700	7938
21	12	13400	8375
21	39	13435	8397
21	22	14364	8978
21	2	15038	9399
21	13	15501	9688
21	40	15285	9553
21	16	15219	9512
21	18	14546	9091
21	15	14760	9225
21	0	14149	8843
21	19	16884	10553
21	11	16527	10329
21	7	16208	10130
21	4	16558	10349
21	17	16948	10593
21	26	15573	9733
21	5	15911	9944
21	29	16091	10057
21	35	16228	10143
21	27	16259	10162
21	10	15097	9436
21	25	14742	9214
21	3	15716	9823
21	20	15646	9779
21	32	15206	9504
21	9	14072	8795
21	6	7161	4476
21	36	6462	4039
21	31	6147	3842
21	21	0	0
21	1	731	457
21	8	2279	1424
21	34	14594	9121
1	24	12439	7774
1	30	11970	7481
1	23	11960	7475
1	37	12070	7544
1	38	12550	7844
1	33	12970	8106
1	12	13820	8638
1	39	13817	8636
1	22	14875	9297
1	2	15567	9729
1	13	15988	9993
1	40	15752	9845
1	16	15681	9801
1	18	14944	9340
1	15	15024	9390
1	0	13521	8451
1	19	17435	10897
1	11	16994	10621
1	7	16658	10411
1	4	16960	10600
1	17	17180	10738
1	26	16039	10024
1	5	16337	10211
1	29	16482	10301
1	35	16568	10355
1	27	16557	10348
1	10	15595	9747
1	25	15227	9517
1	3	16085	10053
1	20	15975	9984
1	32	15594	9746
1	9	14496	9060
1	6	7826	4891
1	36	6615	4134
1	31	6299	3937
1	21	731	457
1	1	0	0
1	8	2150	1344
1	34	14943	9339
8	24	11227	7017
8	30	10510	6569
8	23	10500	6563
8	37	10490	6556
8	38	10880	6800
8	33	10960	6850
8	12	11990	7494
8	39	11921	7451
8	22	13189	8243
8	2	13886	8679
8	13	14193	8871
8	40	13930	8706
8	16	13854	8659
8	18	13041	8151
8	15	12966	8104
8	0	12284	7678
8	19	18269	11418
8	11	18322	11451
8	7	18115	11322
8	4	18531	11582
8	17	19188	11993
8	26	17513	10946
8	5	17916	11198
8	29	18153	11346
8	35	18374	11484
8	27	18464	11540
8	10	16995	10622
8	25	16700	10438
8	3	17849	11156
8	20	17839	11149
8	32	17334	10834
8	9	16184	10115
8	6	8826	5516
8	36	8718	5449
8	31	8401	5251
8	21	2279	1424
8	1	2150	1344
8	8	0	0
8	34	16794	10496
34	24	8822	5514
34	30	9867	6167
34	23	9887	6179
34	37	10130	6331
34	38	9989	6243
34	33	10820	6763
34	12	9411	5882
34	39	9634	6021
34	22	8126	5079
34	2	7556	4723
34	13	7511	4694
34	40	7776	4860
34	16	7847	4904
34	18	8690	5431
34	15	9162	5726
34	0	10875	6797
34	19	2719	1699
34	11	2133	1333
34	7	1794	1121
34	4	2024	1265
34	17	2394	1496
34	26	1328	830
34	5	1452	908
34	29	1547	967
34	35	1636	1023
34	27	1676	1048
34	10	1262	789
34	25	1064	665
34	3	1143	714
34	20	1053	658
34	32	689	431
34	9	756	473
34	6	8199	5124
34	36	8414	5259
34	31	8725	5453
34	21	14594	9121
34	1	14943	9339
34	8	16794	10496
34	34	0	0
